,tickers,best_value,best_param
0,MMM,1.3089860777837452,"{'r1': 13, 'ad': 15, 'limad': 26, 'wmean': 9}"
1,AOS,1.3109978558712707,"{'r1': 29, 'ad': 2, 'limad': 44, 'wmean': 9}"
2,ABT,1.1654228216497273,"{'r1': 2, 'ad': 8, 'limad': 50, 'wmean': 4}"
3,ABBV,1.4159272467466375,"{'r1': 10, 'ad': 7, 'limad': 9, 'wmean': 10}"
4,ACN,1.7182206232483523,"{'r1': 29, 'ad': 6, 'limad': 9, 'wmean': 8}"
5,ADBE,1.4929024411231662,"{'r1': 4, 'ad': 22, 'limad': 9, 'wmean': 8}"
6,AMD,1.9024930817419432,"{'r1': 15, 'ad': 9, 'limad': 3, 'wmean': 10}"
7,AES,1.6812277201738806,"{'r1': 10, 'ad': 13, 'limad': 19, 'wmean': 8}"
8,AFL,1.1372404689696343,"{'r1': 27, 'ad': 7, 'limad': 35, 'wmean': 7}"
9,A,1.3261300359723538,"{'r1': 4, 'ad': 23, 'limad': 20, 'wmean': 10}"
10,APD,1.2355531947582712,"{'r1': 4, 'ad': 16, 'limad': 22, 'wmean': 10}"
11,ABNB,3.9531660331756915,"{'r1': 7, 'ad': 2, 'limad': 25, 'wmean': 7}"
12,AKAM,1.6028043275024912,"{'r1': 5, 'ad': 3, 'limad': 20, 'wmean': 6}"
13,ALB,1.3920495227197451,"{'r1': 23, 'ad': 20, 'limad': 15, 'wmean': 4}"
14,ARE,1.6525488480423807,"{'r1': 2, 'ad': 15, 'limad': 19, 'wmean': 8}"
15,ALGN,1.7388667661755008,"{'r1': 27, 'ad': 15, 'limad': 20, 'wmean': 4}"
16,ALLE,1.3375306707268089,"{'r1': 30, 'ad': 12, 'limad': 14, 'wmean': 6}"
17,LNT,1.2255930166285962,"{'r1': 2, 'ad': 21, 'limad': 18, 'wmean': 7}"
18,ALL,1.3855252611502777,"{'r1': 3, 'ad': 21, 'limad': 16, 'wmean': 8}"
19,GOOGL,1.5863569847919323,"{'r1': 15, 'ad': 4, 'limad': 30, 'wmean': 9}"
20,GOOG,1.6375334601047238,"{'r1': 10, 'ad': 2, 'limad': 52, 'wmean': 10}"
21,MO,1.2339302264924836,"{'r1': 2, 'ad': 9, 'limad': 16, 'wmean': 7}"
22,AMZN,1.2918693348533061,"{'r1': 14, 'ad': 7, 'limad': 10, 'wmean': 10}"
23,AMCR,1.0657278471533158,"{'r1': 20, 'ad': 8, 'limad': 29, 'wmean': 4}"
24,AEE,1.1770533541625798,"{'r1': 2, 'ad': 18, 'limad': 6, 'wmean': 7}"
25,AAL,1.256014378246372,"{'r1': 19, 'ad': 2, 'limad': 87, 'wmean': 8}"
26,AEP,1.1443462953457875,"{'r1': 5, 'ad': 15, 'limad': 11, 'wmean': 10}"
27,AXP,1.351296292101324,"{'r1': 22, 'ad': 5, 'limad': 26, 'wmean': 4}"
28,AIG,1.2662644795085924,"{'r1': 30, 'ad': 7, 'limad': 27, 'wmean': 10}"
29,AMT,1.4160055273362198,"{'r1': 9, 'ad': 29, 'limad': 16, 'wmean': 5}"
30,AWK,1.2935594846399339,"{'r1': 3, 'ad': 18, 'limad': 12, 'wmean': 8}"
31,AMP,1.419794862042046,"{'r1': 16, 'ad': 3, 'limad': 9, 'wmean': 10}"
32,AME,1.0853445778511042,"{'r1': 3, 'ad': 30, 'limad': 24, 'wmean': 5}"
33,AMGN,1.3889425202270194,"{'r1': 12, 'ad': 17, 'limad': 14, 'wmean': 10}"
34,APH,1.2130086488050635,"{'r1': 27, 'ad': 17, 'limad': 9, 'wmean': 7}"
35,ADI,1.4359419496445667,"{'r1': 6, 'ad': 23, 'limad': 10, 'wmean': 8}"
36,ANSS,1.468750483188005,"{'r1': 2, 'ad': 28, 'limad': 15, 'wmean': 10}"
37,AON,1.3796586386137915,"{'r1': 6, 'ad': 20, 'limad': 11, 'wmean': 9}"
38,APA,1.1779970228607717,"{'r1': 9, 'ad': 2, 'limad': 48, 'wmean': 5}"
39,AAPL,1.8646995688623895,"{'r1': 8, 'ad': 11, 'limad': 13, 'wmean': 10}"
40,AMAT,2.056855734011295,"{'r1': 20, 'ad': 4, 'limad': 32, 'wmean': 4}"
41,APTV,1.7071006996315419,"{'r1': 6, 'ad': 15, 'limad': 5, 'wmean': 6}"
42,ACGL,1.3553802344338968,"{'r1': 4, 'ad': 14, 'limad': 9, 'wmean': 7}"
43,ADM,1.2805437144107832,"{'r1': 15, 'ad': 2, 'limad': 75, 'wmean': 7}"
44,ANET,1.799558495018647,"{'r1': 8, 'ad': 3, 'limad': 14, 'wmean': 10}"
45,AJG,1.2018289897817265,"{'r1': 6, 'ad': 2, 'limad': 44, 'wmean': 8}"
46,AIZ,1.1068955174101989,"{'r1': 30, 'ad': 2, 'limad': 66, 'wmean': 9}"
47,T,1.3160643840540094,"{'r1': 27, 'ad': 16, 'limad': 6, 'wmean': 6}"
48,ATO,1.1842426173250353,"{'r1': 6, 'ad': 29, 'limad': 8, 'wmean': 10}"
49,ADSK,1.5092537030465214,"{'r1': 27, 'ad': 2, 'limad': 13, 'wmean': 7}"
50,ADP,1.2702124969319541,"{'r1': 4, 'ad': 6, 'limad': 45, 'wmean': 6}"
51,AZO,1.3329294455259004,"{'r1': 3, 'ad': 25, 'limad': 2, 'wmean': 7}"
52,AVB,1.2634388234072096,"{'r1': 29, 'ad': 13, 'limad': 16, 'wmean': 9}"
53,AVY,1.1287291183256702,"{'r1': 5, 'ad': 9, 'limad': 36, 'wmean': 4}"
54,AXON,2.01169670614351,"{'r1': 28, 'ad': 6, 'limad': 7, 'wmean': 4}"
55,BKR,1.557735092655292,"{'r1': 9, 'ad': 7, 'limad': 17, 'wmean': 10}"
56,BALL,1.2132196051257687,"{'r1': 24, 'ad': 5, 'limad': 25, 'wmean': 5}"
57,BAC,1.3246728472513667,"{'r1': 23, 'ad': 6, 'limad': 27, 'wmean': 10}"
58,BK,1.3670056658522012,"{'r1': 27, 'ad': 5, 'limad': 37, 'wmean': 9}"
59,BBWI,2.13100780782584,"{'r1': 16, 'ad': 7, 'limad': 20, 'wmean': 8}"
60,BAX,1.1764155657854798,"{'r1': 21, 'ad': 8, 'limad': 27, 'wmean': 10}"
61,BDX,1.1203102860312897,"{'r1': 28, 'ad': 9, 'limad': 20, 'wmean': 10}"
62,BBY,1.4229565020262958,"{'r1': 2, 'ad': 10, 'limad': 12, 'wmean': 6}"
63,BIO,1.1616387534454298,"{'r1': 2, 'ad': 9, 'limad': 28, 'wmean': 10}"
64,TECH,1.3767861363610054,"{'r1': 2, 'ad': 18, 'limad': 14, 'wmean': 6}"
65,BIIB,1.0,"{'r1': 29, 'ad': 19, 'limad': 57, 'wmean': 5}"
66,BLK,1.8578519486207596,"{'r1': 9, 'ad': 8, 'limad': 10, 'wmean': 10}"
67,BX,1.6029665101866772,"{'r1': 5, 'ad': 5, 'limad': 16, 'wmean': 4}"
68,BA,1.84156944604148,"{'r1': 30, 'ad': 22, 'limad': 10, 'wmean': 4}"
69,BKNG,1.7941996778081175,"{'r1': 30, 'ad': 7, 'limad': 6, 'wmean': 6}"
70,BWA,1.3260986249690372,"{'r1': 16, 'ad': 2, 'limad': 32, 'wmean': 9}"
71,BXP,1.3319104549636553,"{'r1': 29, 'ad': 16, 'limad': 13, 'wmean': 10}"
72,BSX,1.0654911563829772,"{'r1': 4, 'ad': 7, 'limad': 38, 'wmean': 4}"
73,BMY,1.0719894249211157,"{'r1': 16, 'ad': 3, 'limad': 72, 'wmean': 7}"
74,AVGO,1.4660816985138914,"{'r1': 6, 'ad': 3, 'limad': 52, 'wmean': 7}"
75,BR,1.5513034364336515,"{'r1': 9, 'ad': 13, 'limad': 10, 'wmean': 9}"
76,BRO,1.3022959568446073,"{'r1': 10, 'ad': 24, 'limad': 14, 'wmean': 10}"
77,BLDR,1.8749218183003946,"{'r1': 26, 'ad': 26, 'limad': 12, 'wmean': 7}"
78,BG,1.0800061990316865,"{'r1': 11, 'ad': 3, 'limad': 66, 'wmean': 10}"
79,CDNS,1.4498827058156678,"{'r1': 27, 'ad': 8, 'limad': 7, 'wmean': 10}"
80,CZR,1.2348815839957614,"{'r1': 30, 'ad': 28, 'limad': 23, 'wmean': 4}"
81,CPT,1.2927101123585982,"{'r1': 21, 'ad': 14, 'limad': 14, 'wmean': 9}"
82,CPB,1.058529416388693,"{'r1': 9, 'ad': 15, 'limad': 15, 'wmean': 9}"
83,COF,1.726499834770162,"{'r1': 19, 'ad': 7, 'limad': 24, 'wmean': 8}"
84,CAH,1.7340951975438692,"{'r1': 15, 'ad': 2, 'limad': 20, 'wmean': 10}"
85,KMX,1.2221060665952652,"{'r1': 2, 'ad': 6, 'limad': 38, 'wmean': 6}"
86,CCL,2.2961136266819464,"{'r1': 15, 'ad': 6, 'limad': 13, 'wmean': 10}"
87,CARR,1.6629659580845835,"{'r1': 30, 'ad': 20, 'limad': 10, 'wmean': 9}"
88,CTLT,1.9359393579601678,"{'r1': 2, 'ad': 16, 'limad': 10, 'wmean': 8}"
89,CAT,1.709667283999452,"{'r1': 4, 'ad': 6, 'limad': 22, 'wmean': 10}"
90,CBOE,1.1986343320613317,"{'r1': 21, 'ad': 8, 'limad': 20, 'wmean': 4}"
91,CBRE,1.2774009034015308,"{'r1': 30, 'ad': 5, 'limad': 7, 'wmean': 8}"
92,CDW,1.3786025883767887,"{'r1': 26, 'ad': 4, 'limad': 29, 'wmean': 9}"
93,CE,1.2675992430620546,"{'r1': 23, 'ad': 2, 'limad': 36, 'wmean': 10}"
94,COR,1.36281933850866,"{'r1': 6, 'ad': 7, 'limad': 2, 'wmean': 4}"
95,CNC,1.2005046489594353,"{'r1': 7, 'ad': 12, 'limad': 17, 'wmean': 6}"
96,CNP,1.4202450671922588,"{'r1': 2, 'ad': 23, 'limad': 12, 'wmean': 4}"
97,CDAY,1.5496227027762,"{'r1': 30, 'ad': 10, 'limad': 11, 'wmean': 4}"
98,CF,1.2309365089728121,"{'r1': 13, 'ad': 4, 'limad': 60, 'wmean': 8}"
99,CHRW,1.3184106945438996,"{'r1': 9, 'ad': 10, 'limad': 28, 'wmean': 9}"
100,CRL,1.4034410220433227,"{'r1': 8, 'ad': 10, 'limad': 26, 'wmean': 4}"
101,SCHW,1.2823243784783407,"{'r1': 6, 'ad': 19, 'limad': 19, 'wmean': 8}"
102,CHTR,1.5031261624901668,"{'r1': 27, 'ad': 24, 'limad': 15, 'wmean': 6}"
103,CVX,1.3317009987207955,"{'r1': 8, 'ad': 18, 'limad': 28, 'wmean': 7}"
104,CMG,1.8133319920750937,"{'r1': 14, 'ad': 10, 'limad': 19, 'wmean': 10}"
105,CB,1.0506620485524856,"{'r1': 26, 'ad': 23, 'limad': 28, 'wmean': 10}"
106,CHD,1.296748634980764,"{'r1': 17, 'ad': 9, 'limad': 18, 'wmean': 7}"
107,CI,1.1886914232469044,"{'r1': 2, 'ad': 4, 'limad': 27, 'wmean': 6}"
108,CINF,1.1429485138657933,"{'r1': 26, 'ad': 3, 'limad': 26, 'wmean': 9}"
109,CTAS,1.2163017150463504,"{'r1': 7, 'ad': 4, 'limad': 29, 'wmean': 4}"
110,CSCO,1.0922421384859642,"{'r1': 26, 'ad': 2, 'limad': 59, 'wmean': 5}"
111,C,1.4351513347736584,"{'r1': 19, 'ad': 6, 'limad': 20, 'wmean': 7}"
112,CFG,1.5759500449563373,"{'r1': 13, 'ad': 3, 'limad': 35, 'wmean': 8}"
113,CLX,1.3999961193376722,"{'r1': 2, 'ad': 19, 'limad': 11, 'wmean': 5}"
114,CME,1.2096590654201314,"{'r1': 28, 'ad': 2, 'limad': 59, 'wmean': 4}"
115,CMS,1.090143996081227,"{'r1': 6, 'ad': 11, 'limad': 31, 'wmean': 8}"
116,KO,1.0284441805321283,"{'r1': 2, 'ad': 14, 'limad': 16, 'wmean': 6}"
117,CTSH,1.4529281829430665,"{'r1': 16, 'ad': 4, 'limad': 12, 'wmean': 10}"
118,CL,1.1259148101466423,"{'r1': 15, 'ad': 16, 'limad': 12, 'wmean': 10}"
119,CMCSA,1.3460050424928223,"{'r1': 25, 'ad': 2, 'limad': 21, 'wmean': 5}"
120,CMA,1.4129385896515565,"{'r1': 13, 'ad': 15, 'limad': 9, 'wmean': 10}"
121,CAG,1.2209523290226805,"{'r1': 20, 'ad': 7, 'limad': 5, 'wmean': 8}"
122,COP,1.2165513183045324,"{'r1': 15, 'ad': 10, 'limad': 16, 'wmean': 9}"
123,ED,1.3111541204087283,"{'r1': 4, 'ad': 3, 'limad': 31, 'wmean': 7}"
124,STZ,1.2156266499654913,"{'r1': 8, 'ad': 8, 'limad': 2, 'wmean': 8}"
125,CEG,1.7059316706369125,"{'r1': 2, 'ad': 3, 'limad': 35, 'wmean': 4}"
126,COO,1.2700257522423972,"{'r1': 5, 'ad': 17, 'limad': 9, 'wmean': 8}"
127,CPRT,1.4567286154173282,"{'r1': 15, 'ad': 12, 'limad': 22, 'wmean': 9}"
128,GLW,1.2530522102320447,"{'r1': 15, 'ad': 4, 'limad': 44, 'wmean': 10}"
129,CTVA,1.2395711642508087,"{'r1': 5, 'ad': 3, 'limad': 53, 'wmean': 6}"
130,CSGP,1.6545500569226346,"{'r1': 6, 'ad': 6, 'limad': 27, 'wmean': 5}"
131,COST,1.3663432347328943,"{'r1': 7, 'ad': 15, 'limad': 14, 'wmean': 10}"
132,CTRA,1.0369800782671441,"{'r1': 30, 'ad': 20, 'limad': 15, 'wmean': 8}"
133,CCI,1.484417664281356,"{'r1': 2, 'ad': 6, 'limad': 41, 'wmean': 5}"
134,CSX,1.2639460823897342,"{'r1': 10, 'ad': 25, 'limad': 16, 'wmean': 10}"
135,CMI,1.5371663601869208,"{'r1': 15, 'ad': 5, 'limad': 19, 'wmean': 10}"
136,CVS,1.1907869111081095,"{'r1': 28, 'ad': 4, 'limad': 43, 'wmean': 6}"
137,DHR,1.2301449183086435,"{'r1': 16, 'ad': 18, 'limad': 10, 'wmean': 8}"
138,DRI,1.111506227843056,"{'r1': 17, 'ad': 13, 'limad': 37, 'wmean': 7}"
139,DVA,1.202043618361354,"{'r1': 30, 'ad': 16, 'limad': 15, 'wmean': 8}"
140,DE,1.5087792982342447,"{'r1': 13, 'ad': 25, 'limad': 11, 'wmean': 8}"
141,DAL,1.862859755607058,"{'r1': 6, 'ad': 3, 'limad': 25, 'wmean': 5}"
142,XRAY,1.4374839126114067,"{'r1': 11, 'ad': 6, 'limad': 13, 'wmean': 8}"
143,DVN,1.0112869113917011,"{'r1': 8, 'ad': 13, 'limad': 31, 'wmean': 8}"
144,DXCM,1.62330058517262,"{'r1': 15, 'ad': 3, 'limad': 29, 'wmean': 9}"
145,FANG,1.3844396960185432,"{'r1': 18, 'ad': 14, 'limad': 4, 'wmean': 9}"
146,DLR,1.3882760065013886,"{'r1': 10, 'ad': 4, 'limad': 2, 'wmean': 8}"
147,DFS,1.6579684051753987,"{'r1': 29, 'ad': 12, 'limad': 9, 'wmean': 10}"
148,DG,1.5648666810382812,"{'r1': 2, 'ad': 8, 'limad': 26, 'wmean': 8}"
149,DLTR,1.3450501340543788,"{'r1': 9, 'ad': 20, 'limad': 5, 'wmean': 7}"
150,D,1.3713553428009966,"{'r1': 2, 'ad': 21, 'limad': 19, 'wmean': 5}"
151,DPZ,1.219504575003423,"{'r1': 10, 'ad': 6, 'limad': 40, 'wmean': 10}"
152,DOV,1.2375045071319621,"{'r1': 8, 'ad': 15, 'limad': 13, 'wmean': 10}"
153,DOW,1.121034518875964,"{'r1': 9, 'ad': 3, 'limad': 23, 'wmean': 4}"
154,DHI,1.8350707636015147,"{'r1': 30, 'ad': 20, 'limad': 14, 'wmean': 5}"
155,DTE,1.106105820438503,"{'r1': 5, 'ad': 15, 'limad': 14, 'wmean': 7}"
156,DUK,1.2319144514506166,"{'r1': 2, 'ad': 20, 'limad': 9, 'wmean': 6}"
157,DD,1.25265359302618,"{'r1': 12, 'ad': 13, 'limad': 12, 'wmean': 9}"
158,EMN,1.157210196475407,"{'r1': 11, 'ad': 15, 'limad': 23, 'wmean': 7}"
159,ETN,1.4283466707350383,"{'r1': 30, 'ad': 25, 'limad': 4, 'wmean': 10}"
160,EBAY,1.4063539668471507,"{'r1': 8, 'ad': 22, 'limad': 11, 'wmean': 8}"
161,ECL,1.3532539278564713,"{'r1': 11, 'ad': 28, 'limad': 18, 'wmean': 10}"
162,EIX,1.2297009282113962,"{'r1': 18, 'ad': 12, 'limad': 12, 'wmean': 5}"
163,EW,1.2357516843141092,"{'r1': 5, 'ad': 11, 'limad': 29, 'wmean': 5}"
164,EA,1.5692181918049573,"{'r1': 5, 'ad': 4, 'limad': 11, 'wmean': 8}"
165,ELV,1.1732348485472879,"{'r1': 27, 'ad': 2, 'limad': 63, 'wmean': 7}"
166,LLY,1.3850259868689294,"{'r1': 6, 'ad': 6, 'limad': 32, 'wmean': 7}"
167,EMR,1.0662225166217771,"{'r1': 17, 'ad': 3, 'limad': 75, 'wmean': 10}"
168,ENPH,1.3805016915915496,"{'r1': 10, 'ad': 5, 'limad': 4, 'wmean': 9}"
169,ETR,1.1848014248702063,"{'r1': 3, 'ad': 15, 'limad': 10, 'wmean': 5}"
170,EOG,1.1021140464949235,"{'r1': 13, 'ad': 23, 'limad': 2, 'wmean': 10}"
171,EPAM,1.8878017592272454,"{'r1': 10, 'ad': 8, 'limad': 29, 'wmean': 5}"
172,EQT,1.609829586119207,"{'r1': 9, 'ad': 2, 'limad': 87, 'wmean': 9}"
173,EFX,1.6870325525186691,"{'r1': 2, 'ad': 16, 'limad': 10, 'wmean': 6}"
174,EQIX,1.6897328430748946,"{'r1': 6, 'ad': 25, 'limad': 16, 'wmean': 9}"
175,EQR,1.2368215290731328,"{'r1': 26, 'ad': 4, 'limad': 25, 'wmean': 10}"
176,ESS,1.469218498965644,"{'r1': 30, 'ad': 6, 'limad': 18, 'wmean': 4}"
177,EL,1.2876323567442327,"{'r1': 30, 'ad': 3, 'limad': 27, 'wmean': 8}"
178,ETSY,1.98142597722654,"{'r1': 11, 'ad': 4, 'limad': 9, 'wmean': 4}"
179,EG,1.0128879281224084,"{'r1': 8, 'ad': 2, 'limad': 92, 'wmean': 6}"
180,EVRG,1.2878670456446533,"{'r1': 13, 'ad': 15, 'limad': 13, 'wmean': 8}"
181,ES,1.2279374896346766,"{'r1': 17, 'ad': 28, 'limad': 13, 'wmean': 9}"
182,EXC,1.3862601162504937,"{'r1': 2, 'ad': 8, 'limad': 8, 'wmean': 4}"
183,EXPE,2.025020933268803,"{'r1': 15, 'ad': 5, 'limad': 24, 'wmean': 10}"
184,EXPD,1.073859723090369,"{'r1': 4, 'ad': 25, 'limad': 58, 'wmean': 4}"
185,EXR,1.6182423937188042,"{'r1': 28, 'ad': 5, 'limad': 21, 'wmean': 5}"
186,XOM,1.0921786971830607,"{'r1': 14, 'ad': 29, 'limad': 17, 'wmean': 6}"
187,FFIV,1.5723185619839861,"{'r1': 3, 'ad': 5, 'limad': 35, 'wmean': 4}"
188,FDS,1.4148269233254478,"{'r1': 8, 'ad': 5, 'limad': 17, 'wmean': 10}"
189,FICO,1.6123201317778255,"{'r1': 23, 'ad': 2, 'limad': 29, 'wmean': 6}"
190,FAST,1.1930571587421113,"{'r1': 12, 'ad': 4, 'limad': 57, 'wmean': 6}"
191,FRT,1.1722604461419648,"{'r1': 30, 'ad': 6, 'limad': 21, 'wmean': 10}"
192,FDX,1.4360206665337196,"{'r1': 27, 'ad': 4, 'limad': 20, 'wmean': 4}"
193,FIS,1.3612072987985315,"{'r1': 6, 'ad': 8, 'limad': 12, 'wmean': 10}"
194,FITB,1.2881810397199456,"{'r1': 28, 'ad': 15, 'limad': 20, 'wmean': 10}"
195,FSLR,1.7815392999368052,"{'r1': 3, 'ad': 18, 'limad': 9, 'wmean': 6}"
196,FE,1.220396555657566,"{'r1': 3, 'ad': 5, 'limad': 10, 'wmean': 4}"
197,FI,1.6157671343402558,"{'r1': 12, 'ad': 20, 'limad': 14, 'wmean': 7}"
198,FLT,1.2531637326726885,"{'r1': 12, 'ad': 18, 'limad': 13, 'wmean': 9}"
199,FMC,1.2444549914750913,"{'r1': 9, 'ad': 19, 'limad': 35, 'wmean': 7}"
200,F,1.4567987333944665,"{'r1': 26, 'ad': 14, 'limad': 2, 'wmean': 9}"
201,FTNT,1.6511863353532028,"{'r1': 2, 'ad': 5, 'limad': 7, 'wmean': 6}"
202,FTV,1.4744830699260092,"{'r1': 8, 'ad': 22, 'limad': 14, 'wmean': 10}"
203,FOXA,1.1575305971127736,"{'r1': 11, 'ad': 2, 'limad': 63, 'wmean': 7}"
204,FOX,1.092173717428357,"{'r1': 29, 'ad': 10, 'limad': 31, 'wmean': 10}"
205,BEN,1.5423706353899018,"{'r1': 30, 'ad': 15, 'limad': 12, 'wmean': 5}"
206,FCX,1.6009769523251673,"{'r1': 7, 'ad': 6, 'limad': 6, 'wmean': 9}"
207,GRMN,1.137472598016796,"{'r1': 9, 'ad': 25, 'limad': 27, 'wmean': 8}"
208,IT,1.5899995622902554,"{'r1': 29, 'ad': 4, 'limad': 33, 'wmean': 7}"
209,GEHC,1.376721906763747,"{'r1': 5, 'ad': 4, 'limad': 2, 'wmean': 4}"
210,GEN,1.3077569981455914,"{'r1': 6, 'ad': 22, 'limad': 22, 'wmean': 7}"
211,GNRC,1.5809160119730166,"{'r1': 15, 'ad': 17, 'limad': 16, 'wmean': 10}"
212,GD,1.2212922079394646,"{'r1': 3, 'ad': 2, 'limad': 45, 'wmean': 5}"
213,GE,1.5535827713121377,"{'r1': 29, 'ad': 7, 'limad': 29, 'wmean': 10}"
214,GIS,1.2567655266584796,"{'r1': 18, 'ad': 9, 'limad': 14, 'wmean': 5}"
215,GM,1.3272947123300225,"{'r1': 26, 'ad': 8, 'limad': 20, 'wmean': 4}"
216,GPC,1.154852204662587,"{'r1': 27, 'ad': 18, 'limad': 9, 'wmean': 4}"
217,GILD,1.516905354400351,"{'r1': 20, 'ad': 10, 'limad': 15, 'wmean': 10}"
218,GPN,1.4193276457333635,"{'r1': 29, 'ad': 10, 'limad': 27, 'wmean': 8}"
219,GL,1.1429954190978764,"{'r1': 13, 'ad': 5, 'limad': 32, 'wmean': 4}"
220,GS,1.7222972443166062,"{'r1': 19, 'ad': 2, 'limad': 23, 'wmean': 8}"
221,HAL,1.3637471296639092,"{'r1': 9, 'ad': 18, 'limad': 6, 'wmean': 9}"
222,HIG,1.177153514315831,"{'r1': 15, 'ad': 12, 'limad': 22, 'wmean': 10}"
223,HAS,1.0939195305499794,"{'r1': 27, 'ad': 4, 'limad': 48, 'wmean': 5}"
224,HCA,1.4688658012379432,"{'r1': 26, 'ad': 5, 'limad': 26, 'wmean': 10}"
225,PEAK,1.2782323036773522,"{'r1': 26, 'ad': 19, 'limad': 15, 'wmean': 10}"
226,HSIC,1.2189207518733185,"{'r1': 11, 'ad': 3, 'limad': 20, 'wmean': 6}"
227,HSY,1.1588928361207866,"{'r1': 13, 'ad': 2, 'limad': 66, 'wmean': 4}"
228,HES,1.1967695350174667,"{'r1': 13, 'ad': 3, 'limad': 28, 'wmean': 8}"
229,HPE,1.3505746077775147,"{'r1': 3, 'ad': 26, 'limad': 8, 'wmean': 5}"
230,HLT,1.4009810421395528,"{'r1': 7, 'ad': 12, 'limad': 24, 'wmean': 9}"
231,HOLX,1.0519109888004807,"{'r1': 27, 'ad': 13, 'limad': 13, 'wmean': 10}"
232,HD,1.1459413583006972,"{'r1': 27, 'ad': 6, 'limad': 26, 'wmean': 8}"
233,HON,1.257000783391272,"{'r1': 12, 'ad': 3, 'limad': 45, 'wmean': 9}"
234,HRL,1.0814962042379834,"{'r1': 7, 'ad': 12, 'limad': 43, 'wmean': 5}"
235,HST,1.3271978061030791,"{'r1': 2, 'ad': 15, 'limad': 10, 'wmean': 6}"
236,HWM,1.1791993008357475,"{'r1': 16, 'ad': 15, 'limad': 12, 'wmean': 10}"
237,HPQ,1.1637230498069278,"{'r1': 2, 'ad': 26, 'limad': 14, 'wmean': 10}"
238,HUBB,1.5970271458887826,"{'r1': 22, 'ad': 7, 'limad': 17, 'wmean': 9}"
239,HUM,1.0738533824290524,"{'r1': 3, 'ad': 6, 'limad': 48, 'wmean': 6}"
240,HBAN,1.1625816150273252,"{'r1': 23, 'ad': 5, 'limad': 12, 'wmean': 10}"
241,HII,1.348298808511074,"{'r1': 11, 'ad': 5, 'limad': 20, 'wmean': 8}"
242,IBM,1.4968418792178806,"{'r1': 10, 'ad': 24, 'limad': 8, 'wmean': 7}"
243,IEX,1.1327833709886135,"{'r1': 3, 'ad': 4, 'limad': 53, 'wmean': 5}"
244,IDXX,1.7706639798821722,"{'r1': 26, 'ad': 18, 'limad': 13, 'wmean': 9}"
245,ITW,1.1537854371627134,"{'r1': 21, 'ad': 4, 'limad': 28, 'wmean': 8}"
246,ILMN,1.494230115723438,"{'r1': 15, 'ad': 24, 'limad': 16, 'wmean': 10}"
247,INCY,1.471896160933325,"{'r1': 12, 'ad': 15, 'limad': 16, 'wmean': 9}"
248,IR,1.535228370948801,"{'r1': 30, 'ad': 30, 'limad': 12, 'wmean': 6}"
249,PODD,1.3913589716391783,"{'r1': 14, 'ad': 9, 'limad': 13, 'wmean': 8}"
250,INTC,1.6479156657516918,"{'r1': 2, 'ad': 4, 'limad': 18, 'wmean': 8}"
251,ICE,1.2015057783769816,"{'r1': 4, 'ad': 6, 'limad': 17, 'wmean': 4}"
252,IFF,1.219324831540762,"{'r1': 6, 'ad': 15, 'limad': 14, 'wmean': 9}"
253,IP,1.0358088416412787,"{'r1': 27, 'ad': 3, 'limad': 59, 'wmean': 9}"
254,IPG,1.5115711399086795,"{'r1': 6, 'ad': 7, 'limad': 16, 'wmean': 4}"
255,INTU,1.3714984603886144,"{'r1': 29, 'ad': 5, 'limad': 17, 'wmean': 5}"
256,ISRG,1.4172864882898342,"{'r1': 26, 'ad': 20, 'limad': 15, 'wmean': 10}"
257,IVZ,1.7563549525386866,"{'r1': 24, 'ad': 21, 'limad': 13, 'wmean': 9}"
258,INVH,1.3544771542777425,"{'r1': 3, 'ad': 25, 'limad': 4, 'wmean': 10}"
259,IQV,1.6045411258813864,"{'r1': 14, 'ad': 3, 'limad': 17, 'wmean': 10}"
260,IRM,1.5592950277214814,"{'r1': 6, 'ad': 2, 'limad': 4, 'wmean': 10}"
261,JBHT,1.2274074285238272,"{'r1': 22, 'ad': 6, 'limad': 24, 'wmean': 10}"
262,JBL,2.2024875350786632,"{'r1': 27, 'ad': 10, 'limad': 8, 'wmean': 6}"
263,JKHY,1.2631190529411331,"{'r1': 10, 'ad': 11, 'limad': 16, 'wmean': 4}"
264,J,1.1620038165148592,"{'r1': 10, 'ad': 18, 'limad': 22, 'wmean': 5}"
265,JNJ,1.1386100752408783,"{'r1': 11, 'ad': 11, 'limad': 16, 'wmean': 10}"
266,JCI,1.3056951407865913,"{'r1': 27, 'ad': 8, 'limad': 12, 'wmean': 6}"
267,JPM,1.4033373544986099,"{'r1': 19, 'ad': 4, 'limad': 52, 'wmean': 10}"
268,JNPR,1.0350964415089638,"{'r1': 10, 'ad': 17, 'limad': 27, 'wmean': 4}"
269,K,1.3502406328236407,"{'r1': 19, 'ad': 3, 'limad': 45, 'wmean': 8}"
270,KVUE,1.0190338521540894,"{'r1': 13, 'ad': 3, 'limad': 63, 'wmean': 8}"
271,KDP,1.0370329548563588,"{'r1': 16, 'ad': 8, 'limad': 41, 'wmean': 8}"
272,KEY,1.2749863981262068,"{'r1': 18, 'ad': 8, 'limad': 11, 'wmean': 5}"
273,KEYS,1.4675637767300431,"{'r1': 30, 'ad': 2, 'limad': 14, 'wmean': 10}"
274,KMB,1.2712191659485692,"{'r1': 29, 'ad': 5, 'limad': 28, 'wmean': 10}"
275,KIM,1.1942850451619125,"{'r1': 29, 'ad': 3, 'limad': 12, 'wmean': 7}"
276,KMI,1.212148049421889,"{'r1': 3, 'ad': 18, 'limad': 17, 'wmean': 6}"
277,KLAC,1.9942930129098426,"{'r1': 30, 'ad': 2, 'limad': 42, 'wmean': 6}"
278,KHC,1.4474689103788898,"{'r1': 9, 'ad': 3, 'limad': 34, 'wmean': 7}"
279,KR,1.0817238938623603,"{'r1': 2, 'ad': 20, 'limad': 18, 'wmean': 5}"
280,LHX,1.2134155213404731,"{'r1': 6, 'ad': 6, 'limad': 29, 'wmean': 9}"
281,LH,1.454122809704323,"{'r1': 26, 'ad': 12, 'limad': 16, 'wmean': 10}"
282,LRCX,2.043144949583293,"{'r1': 3, 'ad': 19, 'limad': 12, 'wmean': 7}"
283,LW,1.3664730406544727,"{'r1': 10, 'ad': 19, 'limad': 11, 'wmean': 8}"
284,LVS,1.384229638233903,"{'r1': 23, 'ad': 28, 'limad': 9, 'wmean': 9}"
285,LDOS,1.2081688263614498,"{'r1': 18, 'ad': 9, 'limad': 24, 'wmean': 5}"
286,LEN,1.7802322039307772,"{'r1': 29, 'ad': 28, 'limad': 14, 'wmean': 10}"
287,LIN,1.287807682479515,"{'r1': 5, 'ad': 21, 'limad': 12, 'wmean': 10}"
288,LYV,1.5047775900305143,"{'r1': 14, 'ad': 10, 'limad': 21, 'wmean': 10}"
289,LKQ,1.1991732297264763,"{'r1': 7, 'ad': 22, 'limad': 9, 'wmean': 4}"
290,LMT,1.3338135850381363,"{'r1': 4, 'ad': 15, 'limad': 16, 'wmean': 7}"
291,L,1.0797391929095825,"{'r1': 4, 'ad': 20, 'limad': 25, 'wmean': 9}"
292,LOW,1.0693741211637962,"{'r1': 6, 'ad': 16, 'limad': 36, 'wmean': 6}"
293,LULU,1.6940044679783222,"{'r1': 4, 'ad': 8, 'limad': 8, 'wmean': 6}"
294,LYB,1.2665066107832377,"{'r1': 13, 'ad': 16, 'limad': 18, 'wmean': 5}"
295,MTB,1.215142215862751,"{'r1': 12, 'ad': 2, 'limad': 34, 'wmean': 10}"
296,MRO,1.0,"{'r1': 30, 'ad': 17, 'limad': 76, 'wmean': 8}"
297,MPC,1.6065916872554529,"{'r1': 16, 'ad': 15, 'limad': 16, 'wmean': 6}"
298,MKTX,1.408989851781687,"{'r1': 30, 'ad': 25, 'limad': 12, 'wmean': 9}"
299,MAR,1.46431129888425,"{'r1': 5, 'ad': 9, 'limad': 6, 'wmean': 7}"
300,MMC,1.1027084258190647,"{'r1': 14, 'ad': 24, 'limad': 31, 'wmean': 10}"
301,MLM,1.2673094789456714,"{'r1': 18, 'ad': 16, 'limad': 20, 'wmean': 9}"
302,MAS,1.5700883203384266,"{'r1': 29, 'ad': 5, 'limad': 26, 'wmean': 7}"
303,MA,1.3194204289721363,"{'r1': 3, 'ad': 5, 'limad': 17, 'wmean': 6}"
304,MTCH,1.4319522869631236,"{'r1': 14, 'ad': 2, 'limad': 50, 'wmean': 9}"
305,MKC,1.3018768993676682,"{'r1': 7, 'ad': 30, 'limad': 17, 'wmean': 5}"
306,MCD,1.2602037826680423,"{'r1': 5, 'ad': 7, 'limad': 14, 'wmean': 7}"
307,MCK,1.3085355524693905,"{'r1': 2, 'ad': 8, 'limad': 5, 'wmean': 7}"
308,MDT,1.1498060551097773,"{'r1': 25, 'ad': 9, 'limad': 23, 'wmean': 5}"
309,MRK,1.2393850110909541,"{'r1': 19, 'ad': 7, 'limad': 33, 'wmean': 8}"
310,META,1.6110506741542014,"{'r1': 14, 'ad': 3, 'limad': 17, 'wmean': 4}"
311,MET,1.2979129470172934,"{'r1': 16, 'ad': 10, 'limad': 18, 'wmean': 10}"
312,MTD,1.4224511762677912,"{'r1': 30, 'ad': 26, 'limad': 10, 'wmean': 8}"
313,MGM,1.3541820859914513,"{'r1': 3, 'ad': 22, 'limad': 6, 'wmean': 9}"
314,MCHP,1.4880133699746365,"{'r1': 27, 'ad': 13, 'limad': 6, 'wmean': 4}"
315,MU,1.3956215562828598,"{'r1': 6, 'ad': 3, 'limad': 23, 'wmean': 4}"
316,MSFT,1.3662976853573585,"{'r1': 16, 'ad': 7, 'limad': 12, 'wmean': 10}"
317,MAA,1.2257871182021673,"{'r1': 29, 'ad': 5, 'limad': 25, 'wmean': 7}"
318,MRNA,2.0378346989270417,"{'r1': 29, 'ad': 27, 'limad': 10, 'wmean': 5}"
319,MHK,1.091206731317981,"{'r1': 4, 'ad': 7, 'limad': 45, 'wmean': 9}"
320,MOH,1.434308152415454,"{'r1': 3, 'ad': 4, 'limad': 31, 'wmean': 9}"
321,TAP,1.3029888681554895,"{'r1': 27, 'ad': 3, 'limad': 16, 'wmean': 6}"
322,MDLZ,1.1971912358164634,"{'r1': 20, 'ad': 3, 'limad': 37, 'wmean': 10}"
323,MPWR,1.8063938444913954,"{'r1': 4, 'ad': 4, 'limad': 30, 'wmean': 7}"
324,MNST,1.0207456999937394,"{'r1': 27, 'ad': 3, 'limad': 82, 'wmean': 7}"
325,MCO,2.032664319938359,"{'r1': 9, 'ad': 23, 'limad': 15, 'wmean': 10}"
326,MS,1.6263881150405335,"{'r1': 8, 'ad': 2, 'limad': 26, 'wmean': 6}"
327,MOS,1.7449439725671791,"{'r1': 9, 'ad': 18, 'limad': 17, 'wmean': 10}"
328,MSI,1.1452735512328427,"{'r1': 3, 'ad': 10, 'limad': 18, 'wmean': 8}"
329,MSCI,1.551202264581456,"{'r1': 30, 'ad': 16, 'limad': 8, 'wmean': 10}"
330,NDAQ,1.4057182926339367,"{'r1': 15, 'ad': 6, 'limad': 17, 'wmean': 9}"
331,NTAP,1.401178617757566,"{'r1': 6, 'ad': 10, 'limad': 20, 'wmean': 7}"
332,NFLX,1.9432573469641259,"{'r1': 30, 'ad': 8, 'limad': 19, 'wmean': 8}"
333,NEM,1.548796115560641,"{'r1': 10, 'ad': 3, 'limad': 10, 'wmean': 7}"
334,NWSA,1.48914966691039,"{'r1': 2, 'ad': 30, 'limad': 10, 'wmean': 5}"
335,NWS,1.2957885820870199,"{'r1': 30, 'ad': 27, 'limad': 6, 'wmean': 7}"
336,NEE,1.3167369298730094,"{'r1': 6, 'ad': 10, 'limad': 18, 'wmean': 7}"
337,NKE,1.4194425887085185,"{'r1': 23, 'ad': 15, 'limad': 21, 'wmean': 4}"
338,NI,1.0863145239840248,"{'r1': 4, 'ad': 3, 'limad': 52, 'wmean': 6}"
339,NDSN,1.145528813553786,"{'r1': 6, 'ad': 18, 'limad': 23, 'wmean': 6}"
340,NSC,1.3543936799273473,"{'r1': 30, 'ad': 28, 'limad': 9, 'wmean': 9}"
341,NTRS,1.2113449972549044,"{'r1': 3, 'ad': 7, 'limad': 39, 'wmean': 5}"
342,NOC,1.2077257680156066,"{'r1': 7, 'ad': 9, 'limad': 26, 'wmean': 7}"
343,NCLH,2.7605751404723344,"{'r1': 15, 'ad': 10, 'limad': 6, 'wmean': 9}"
344,NRG,1.5440650195947674,"{'r1': 20, 'ad': 28, 'limad': 17, 'wmean': 6}"
345,NUE,2.720373910612467,"{'r1': 5, 'ad': 2, 'limad': 8, 'wmean': 10}"
346,NVDA,2.060448877744147,"{'r1': 16, 'ad': 9, 'limad': 21, 'wmean': 9}"
347,NVR,1.4627947166957709,"{'r1': 27, 'ad': 18, 'limad': 15, 'wmean': 8}"
348,NXPI,1.4253181326748279,"{'r1': 2, 'ad': 24, 'limad': 12, 'wmean': 4}"
349,ORLY,1.1390614289278886,"{'r1': 29, 'ad': 7, 'limad': 24, 'wmean': 7}"
350,OXY,1.2616206329246396,"{'r1': 11, 'ad': 19, 'limad': 35, 'wmean': 7}"
351,ODFL,1.6080042187968886,"{'r1': 10, 'ad': 8, 'limad': 17, 'wmean': 9}"
352,OMC,1.3530938506300734,"{'r1': 30, 'ad': 19, 'limad': 14, 'wmean': 10}"
353,ON,1.7059713663234781,"{'r1': 12, 'ad': 25, 'limad': 10, 'wmean': 10}"
354,OKE,1.0929138345302627,"{'r1': 7, 'ad': 28, 'limad': 17, 'wmean': 8}"
355,ORCL,1.6160103626139737,"{'r1': 9, 'ad': 23, 'limad': 6, 'wmean': 10}"
356,OTIS,1.303833544225692,"{'r1': 15, 'ad': 15, 'limad': 13, 'wmean': 8}"
357,PCAR,1.5777106699635612,"{'r1': 22, 'ad': 4, 'limad': 36, 'wmean': 10}"
358,PKG,1.1747387567267786,"{'r1': 3, 'ad': 6, 'limad': 15, 'wmean': 9}"
359,PANW,1.9131122038390966,"{'r1': 2, 'ad': 11, 'limad': 14, 'wmean': 9}"
360,PARA,1.5154895225934704,"{'r1': 2, 'ad': 6, 'limad': 31, 'wmean': 5}"
361,PH,1.5752870534912635,"{'r1': 26, 'ad': 9, 'limad': 6, 'wmean': 9}"
362,PAYX,1.3538962406959423,"{'r1': 6, 'ad': 5, 'limad': 23, 'wmean': 4}"
363,PAYC,1.8068211034264694,"{'r1': 2, 'ad': 11, 'limad': 12, 'wmean': 5}"
364,PYPL,1.186170750811811,"{'r1': 5, 'ad': 16, 'limad': 34, 'wmean': 6}"
365,PNR,1.2991442341250694,"{'r1': 27, 'ad': 11, 'limad': 29, 'wmean': 5}"
366,PEP,1.1109814332934047,"{'r1': 11, 'ad': 24, 'limad': 20, 'wmean': 4}"
367,PFE,1.2844821556308144,"{'r1': 4, 'ad': 10, 'limad': 2, 'wmean': 9}"
368,PCG,1.4073421993824278,"{'r1': 14, 'ad': 2, 'limad': 37, 'wmean': 8}"
369,PM,1.2946068152377037,"{'r1': 2, 'ad': 6, 'limad': 2, 'wmean': 10}"
370,PSX,1.7959760750902438,"{'r1': 4, 'ad': 17, 'limad': 5, 'wmean': 7}"
371,PNW,1.4066503028666637,"{'r1': 6, 'ad': 20, 'limad': 3, 'wmean': 8}"
372,PXD,1.1222284952952557,"{'r1': 3, 'ad': 22, 'limad': 20, 'wmean': 4}"
373,PNC,1.4011689549025732,"{'r1': 12, 'ad': 19, 'limad': 14, 'wmean': 10}"
374,POOL,1.368307650915442,"{'r1': 2, 'ad': 9, 'limad': 27, 'wmean': 4}"
375,PPG,1.2024680125957525,"{'r1': 20, 'ad': 12, 'limad': 22, 'wmean': 10}"
376,PPL,1.3496921345761936,"{'r1': 5, 'ad': 28, 'limad': 7, 'wmean': 8}"
377,PFG,1.6702820624881627,"{'r1': 7, 'ad': 24, 'limad': 12, 'wmean': 9}"
378,PG,1.2790548297044166,"{'r1': 8, 'ad': 28, 'limad': 14, 'wmean': 10}"
379,PGR,1.130671075487854,"{'r1': 9, 'ad': 3, 'limad': 65, 'wmean': 4}"
380,PLD,1.3495990064794923,"{'r1': 29, 'ad': 9, 'limad': 26, 'wmean': 7}"
381,PRU,1.3486059579387588,"{'r1': 6, 'ad': 22, 'limad': 12, 'wmean': 10}"
382,PEG,1.2382997631239823,"{'r1': 5, 'ad': 9, 'limad': 17, 'wmean': 7}"
383,PTC,1.360188080487966,"{'r1': 30, 'ad': 17, 'limad': 6, 'wmean': 9}"
384,PSA,1.3329320365784951,"{'r1': 13, 'ad': 5, 'limad': 43, 'wmean': 8}"
385,PHM,1.9626211549040538,"{'r1': 27, 'ad': 10, 'limad': 18, 'wmean': 4}"
386,QRVO,1.5284500338113072,"{'r1': 29, 'ad': 3, 'limad': 31, 'wmean': 10}"
387,PWR,1.2922307927387184,"{'r1': 4, 'ad': 6, 'limad': 54, 'wmean': 5}"
388,QCOM,1.4579996647768192,"{'r1': 4, 'ad': 21, 'limad': 12, 'wmean': 5}"
389,DGX,1.1310662232830186,"{'r1': 4, 'ad': 19, 'limad': 33, 'wmean': 7}"
390,RL,1.5517558904406763,"{'r1': 29, 'ad': 16, 'limad': 10, 'wmean': 10}"
391,RJF,1.229552214028984,"{'r1': 17, 'ad': 16, 'limad': 11, 'wmean': 8}"
392,RTX,1.044049296703725,"{'r1': 27, 'ad': 19, 'limad': 29, 'wmean': 8}"
393,O,1.2971827806945617,"{'r1': 16, 'ad': 15, 'limad': 16, 'wmean': 10}"
394,REG,1.1430536751570062,"{'r1': 17, 'ad': 20, 'limad': 18, 'wmean': 9}"
395,REGN,1.156959351964389,"{'r1': 5, 'ad': 3, 'limad': 25, 'wmean': 8}"
396,RF,1.5012154368890418,"{'r1': 14, 'ad': 2, 'limad': 24, 'wmean': 8}"
397,RSG,1.284007511332747,"{'r1': 10, 'ad': 16, 'limad': 2, 'wmean': 9}"
398,RMD,1.3187276374700088,"{'r1': 10, 'ad': 15, 'limad': 14, 'wmean': 5}"
399,RVTY,1.2360265684047362,"{'r1': 6, 'ad': 6, 'limad': 39, 'wmean': 10}"
400,RHI,1.2982028190630972,"{'r1': 12, 'ad': 12, 'limad': 15, 'wmean': 7}"
401,ROK,1.4472862953639163,"{'r1': 29, 'ad': 2, 'limad': 28, 'wmean': 10}"
402,ROL,1.3081047448850316,"{'r1': 13, 'ad': 25, 'limad': 9, 'wmean': 10}"
403,ROP,1.2188533282378284,"{'r1': 5, 'ad': 8, 'limad': 21, 'wmean': 9}"
404,ROST,1.401528451456525,"{'r1': 2, 'ad': 24, 'limad': 4, 'wmean': 5}"
405,RCL,2.527309199263821,"{'r1': 15, 'ad': 7, 'limad': 9, 'wmean': 10}"
406,SPGI,1.6827576889453884,"{'r1': 9, 'ad': 5, 'limad': 8, 'wmean': 10}"
407,CRM,1.9514079565990612,"{'r1': 23, 'ad': 4, 'limad': 21, 'wmean': 6}"
408,SBAC,1.3259895965663029,"{'r1': 3, 'ad': 20, 'limad': 20, 'wmean': 4}"
409,SLB,1.672427330028735,"{'r1': 14, 'ad': 3, 'limad': 24, 'wmean': 10}"
410,STX,1.855865298076174,"{'r1': 23, 'ad': 6, 'limad': 14, 'wmean': 4}"
411,SRE,1.2485888661282927,"{'r1': 6, 'ad': 17, 'limad': 10, 'wmean': 8}"
412,NOW,1.8181744385839216,"{'r1': 8, 'ad': 11, 'limad': 10, 'wmean': 4}"
413,SHW,1.4493382699701784,"{'r1': 13, 'ad': 29, 'limad': 11, 'wmean': 10}"
414,SPG,1.4948710879351732,"{'r1': 26, 'ad': 4, 'limad': 32, 'wmean': 7}"
415,SWKS,1.4013402472799332,"{'r1': 13, 'ad': 5, 'limad': 50, 'wmean': 9}"
416,SJM,1.1398716232787545,"{'r1': 23, 'ad': 12, 'limad': 21, 'wmean': 7}"
417,SNA,1.2634591955822532,"{'r1': 22, 'ad': 19, 'limad': 9, 'wmean': 6}"
418,SO,1.200477780736614,"{'r1': 3, 'ad': 6, 'limad': 11, 'wmean': 7}"
419,LUV,1.4425650766112725,"{'r1': 28, 'ad': 17, 'limad': 14, 'wmean': 10}"
420,SWK,1.1037407714749365,"{'r1': 26, 'ad': 14, 'limad': 33, 'wmean': 7}"
421,SBUX,1.376945334935573,"{'r1': 30, 'ad': 27, 'limad': 11, 'wmean': 8}"
422,STT,1.4955418087242318,"{'r1': 13, 'ad': 25, 'limad': 7, 'wmean': 10}"
423,STLD,2.5069635281549396,"{'r1': 5, 'ad': 8, 'limad': 4, 'wmean': 10}"
424,STE,1.1990150542204776,"{'r1': 27, 'ad': 3, 'limad': 17, 'wmean': 4}"
425,SYK,1.4828162978924508,"{'r1': 16, 'ad': 13, 'limad': 14, 'wmean': 10}"
426,SYF,1.829721981247773,"{'r1': 6, 'ad': 7, 'limad': 16, 'wmean': 10}"
427,SNPS,1.4650847542407055,"{'r1': 5, 'ad': 17, 'limad': 2, 'wmean': 7}"
428,SYY,1.190025583317825,"{'r1': 5, 'ad': 26, 'limad': 13, 'wmean': 10}"
429,TMUS,1.465803759213886,"{'r1': 2, 'ad': 3, 'limad': 43, 'wmean': 4}"
430,TROW,1.0898080093939,"{'r1': 6, 'ad': 23, 'limad': 44, 'wmean': 7}"
431,TTWO,1.2800084645183263,"{'r1': 23, 'ad': 8, 'limad': 16, 'wmean': 4}"
432,TPR,1.7212931729022685,"{'r1': 16, 'ad': 23, 'limad': 13, 'wmean': 7}"
433,TRGP,1.0921223777152627,"{'r1': 30, 'ad': 7, 'limad': 36, 'wmean': 6}"
434,TGT,1.3868209236337725,"{'r1': 23, 'ad': 3, 'limad': 39, 'wmean': 9}"
435,TEL,1.3326864923406554,"{'r1': 9, 'ad': 19, 'limad': 7, 'wmean': 10}"
436,TDY,1.3666978215409822,"{'r1': 8, 'ad': 15, 'limad': 13, 'wmean': 7}"
437,TFX,1.4695639147390172,"{'r1': 13, 'ad': 25, 'limad': 10, 'wmean': 6}"
438,TER,1.155316987318823,"{'r1': 8, 'ad': 23, 'limad': 40, 'wmean': 10}"
439,TSLA,1.6624497507331548,"{'r1': 6, 'ad': 22, 'limad': 25, 'wmean': 9}"
440,TXN,1.194213322950113,"{'r1': 6, 'ad': 23, 'limad': 17, 'wmean': 6}"
441,TXT,1.0242361809332436,"{'r1': 14, 'ad': 10, 'limad': 33, 'wmean': 7}"
442,TMO,1.23803079535469,"{'r1': 28, 'ad': 5, 'limad': 24, 'wmean': 7}"
443,TJX,1.2150289890285038,"{'r1': 9, 'ad': 25, 'limad': 17, 'wmean': 8}"
444,TSCO,1.133784212274032,"{'r1': 28, 'ad': 22, 'limad': 17, 'wmean': 7}"
445,TT,1.4601790714110756,"{'r1': 5, 'ad': 13, 'limad': 13, 'wmean': 8}"
446,TDG,1.8128194592006348,"{'r1': 5, 'ad': 7, 'limad': 17, 'wmean': 9}"
447,TRV,1.1485124710661931,"{'r1': 21, 'ad': 7, 'limad': 36, 'wmean': 6}"
448,TRMB,1.5918358533114743,"{'r1': 15, 'ad': 10, 'limad': 27, 'wmean': 6}"
449,TFC,1.2426302840637136,"{'r1': 16, 'ad': 2, 'limad': 32, 'wmean': 8}"
450,TYL,1.4902051999216033,"{'r1': 2, 'ad': 25, 'limad': 12, 'wmean': 8}"
451,TSN,1.314192357421116,"{'r1': 22, 'ad': 2, 'limad': 49, 'wmean': 9}"
452,USB,1.38868993873504,"{'r1': 14, 'ad': 7, 'limad': 36, 'wmean': 10}"
453,UBER,2.4410478043757955,"{'r1': 27, 'ad': 2, 'limad': 20, 'wmean': 7}"
454,UDR,1.390383113549023,"{'r1': 23, 'ad': 4, 'limad': 31, 'wmean': 8}"
455,ULTA,1.2849113388911961,"{'r1': 26, 'ad': 15, 'limad': 19, 'wmean': 9}"
456,UNP,1.1999827303262394,"{'r1': 23, 'ad': 4, 'limad': 30, 'wmean': 10}"
457,UAL,1.3958834836841598,"{'r1': 8, 'ad': 4, 'limad': 2, 'wmean': 10}"
458,UPS,1.4509075207185262,"{'r1': 16, 'ad': 9, 'limad': 14, 'wmean': 6}"
459,URI,2.3877502191913167,"{'r1': 13, 'ad': 24, 'limad': 15, 'wmean': 7}"
460,UNH,1.1029189874768266,"{'r1': 5, 'ad': 22, 'limad': 15, 'wmean': 7}"
461,UHS,1.4552838015414662,"{'r1': 27, 'ad': 24, 'limad': 5, 'wmean': 10}"
462,VLO,1.2581806807183598,"{'r1': 5, 'ad': 10, 'limad': 11, 'wmean': 5}"
463,VTR,1.4731455993046758,"{'r1': 10, 'ad': 5, 'limad': 20, 'wmean': 10}"
464,VLTO,1.1841567131066788,"{'r1': 8, 'ad': 3, 'limad': 22, 'wmean': 9}"
465,VRSN,1.4075469052514136,"{'r1': 10, 'ad': 25, 'limad': 13, 'wmean': 9}"
466,VRSK,1.436102118152968,"{'r1': 2, 'ad': 11, 'limad': 22, 'wmean': 8}"
467,VZ,1.175096781672941,"{'r1': 2, 'ad': 2, 'limad': 39, 'wmean': 4}"
468,VRTX,1.4276275878252147,"{'r1': 5, 'ad': 16, 'limad': 14, 'wmean': 8}"
469,VFC,1.2129946509848495,"{'r1': 7, 'ad': 9, 'limad': 43, 'wmean': 5}"
470,VTRS,1.6441435828091147,"{'r1': 29, 'ad': 13, 'limad': 7, 'wmean': 5}"
471,VICI,1.2963109217133024,"{'r1': 2, 'ad': 24, 'limad': 3, 'wmean': 8}"
472,V,1.3993105162348425,"{'r1': 3, 'ad': 4, 'limad': 5, 'wmean': 5}"
473,VMC,1.3506923015615198,"{'r1': 28, 'ad': 14, 'limad': 19, 'wmean': 9}"
474,WRB,1.1605318418606287,"{'r1': 14, 'ad': 9, 'limad': 21, 'wmean': 10}"
475,WAB,1.4807260421668156,"{'r1': 14, 'ad': 9, 'limad': 14, 'wmean': 10}"
476,WBA,1.0724713392682381,"{'r1': 28, 'ad': 6, 'limad': 41, 'wmean': 5}"
477,WMT,1.2701330759453957,"{'r1': 2, 'ad': 18, 'limad': 4, 'wmean': 8}"
478,DIS,1.2494455485518168,"{'r1': 29, 'ad': 10, 'limad': 21, 'wmean': 7}"
479,WBD,1.5689760607760765,"{'r1': 22, 'ad': 9, 'limad': 33, 'wmean': 4}"
480,WM,1.2279790903577865,"{'r1': 3, 'ad': 8, 'limad': 19, 'wmean': 7}"
481,WAT,1.2514918084902287,"{'r1': 6, 'ad': 24, 'limad': 12, 'wmean': 4}"
482,WEC,1.169791545762255,"{'r1': 4, 'ad': 12, 'limad': 32, 'wmean': 7}"
483,WFC,1.4075021529593534,"{'r1': 12, 'ad': 27, 'limad': 8, 'wmean': 10}"
484,WELL,1.2216617302154564,"{'r1': 29, 'ad': 24, 'limad': 12, 'wmean': 4}"
485,WST,1.5378237117355864,"{'r1': 3, 'ad': 7, 'limad': 18, 'wmean': 6}"
486,WDC,1.560326131000318,"{'r1': 21, 'ad': 17, 'limad': 12, 'wmean': 4}"
487,WRK,1.0,"{'r1': 15, 'ad': 20, 'limad': 89, 'wmean': 9}"
488,WY,1.1754895968237977,"{'r1': 3, 'ad': 26, 'limad': 15, 'wmean': 5}"
489,WHR,1.015115237760531,"{'r1': 16, 'ad': 10, 'limad': 37, 'wmean': 10}"
490,WMB,1.0,"{'r1': 16, 'ad': 20, 'limad': 81, 'wmean': 8}"
491,WTW,1.224016866814068,"{'r1': 7, 'ad': 2, 'limad': 30, 'wmean': 9}"
492,GWW,1.5129077188276046,"{'r1': 12, 'ad': 5, 'limad': 24, 'wmean': 10}"
493,WYNN,1.349711052448338,"{'r1': 29, 'ad': 8, 'limad': 28, 'wmean': 5}"
494,XEL,1.2988703188300172,"{'r1': 7, 'ad': 19, 'limad': 13, 'wmean': 10}"
495,XYL,1.3433437861641908,"{'r1': 30, 'ad': 15, 'limad': 6, 'wmean': 7}"
496,YUM,1.080792056028474,"{'r1': 2, 'ad': 9, 'limad': 34, 'wmean': 4}"
497,ZBRA,1.4101953469837099,"{'r1': 16, 'ad': 3, 'limad': 4, 'wmean': 10}"
498,ZBH,1.2594860408913973,"{'r1': 18, 'ad': 6, 'limad': 29, 'wmean': 10}"
499,ZION,1.3910373598515717,"{'r1': 9, 'ad': 28, 'limad': 13, 'wmean': 9}"
500,ZTS,1.3813803870842103,"{'r1': 23, 'ad': 5, 'limad': 5, 'wmean': 9}"
